<?xml version="1.0" encoding="UTF-8" standalone="yes"?>
<addon id="plugin.video.kingarthurtv"
	name="King ArthurTV Youtube"
	version="1.0"
	provider-name="Cuatro Cinco">
  <requires>
    <import addon="xbmc.python" version="2.1.0"/>
    <import addon="script.module.addon.common" version="2.0.0"/>
    <import addon="plugin.video.youtube" version="5.0.0"/>
  </requires>
  <extension point="xbmc.python.pluginsource" library="default.py">
    <provides>video</provides>
  </extension>
  <extension point="xbmc.addon.metadata">
    <summary lang="en">King ArthurTV - Media at it's best</summary>
    <description lang="en">Built for my viewing pleasure hoping to bring pleasure to you</description>
    <platform>all</platform>
    <forum>n/a</forum>
    <website>http://www.youtube.com</website>
  </extension>
</addon>
